text,label,notes,source,permalink
"Welcome to mediocre Signed, A cowboys fan",reaction,,reddit-pullpush,
Caleb never won shit in college and was so overhyped. I’ve never seen a player so over valued purely cuz his body language and throwing motion looks similar to Mahomes. He’s never done a thing to warrant his hype. Every 1 in 10 throws is something amazing but the other 9 suck. Basically another Carson Wentz. He’s trash and I love how much everyone overhypes him,hot_take,,reddit-pullpush,https://reddit.com/r/fantasyfootball/comments/1kpojzk/caleb_williams_with_a_clean_pocket_in_2024_75/mszlfwj/
The real sleeper is mafah,hot_take,,reddit-pullpush,
"The time to move him in dynasty as a non contender was at least a year ago. Or maybe you can sell to a contender mid season who will pay a premium for a high end PPR flex. Lost the ability maximize value there though. I’m still content with Kamara as a low end RB2. Don’t expect many monster games, or a lot of TDs. Non-PPR, far less interested.",analysis,,reddit-pullpush,https://reddit.com/r/fantasyfootball/comments/1kpn1j6/is_it_time_to_move_on_from_alvin_kamara/msz0wbc/
"The argument for terry is he’s never really had a good QB before. But even with Daniels he didn’t get as many targets, receptions, or yards as he did in previous seasons. TDs are a tricky stat so it’ll be a risk getting scary terry",analysis,,reddit-pullpush,https://reddit.com/r/fantasyfootball/comments/1kpm96l/fantasy_football_regression_candidates/mt1a29g/
Just say you don't watch ball gang,reaction,,reddit-pullpush,
Luther Burden within 10 yards is going to be nuts.,hot_take,,reddit-pullpush,
If he threw it at the right spot but early he threw it at the wrong spot. This is absurd mental gymnastics to avoid admitting Caleb was overhyped.,hot_take,,reddit-pullpush,https://reddit.com/r/fantasyfootball/comments/1kpojzk/caleb_williams_with_a_clean_pocket_in_2024_75/mt3lgw9/
He's probably gonna be good for the beginning of this year. I wouldn't be out on him in redraft but Dynasty is win-now or trade him.,analysis,,reddit-pullpush,https://reddit.com/r/fantasyfootball/comments/1kpn1j6/is_it_time_to_move_on_from_alvin_kamara/mt3u9k2/
I’m sure the fact that you’re a Bears fan has absolutely nothing to do with that season projection.,reaction,,reddit-pullpush,https://reddit.com/r/fantasyfootball/comments/1kpojzk/caleb_williams_with_a_clean_pocket_in_2024_75/mszeruq/
Thats an awful lot of money for a system QB…,hot_take,,reddit-pullpush,
"""Zero RB"" has always been among the dumbest strategies to adopt.",hot_take,,reddit-pullpush,
Kelce ain't a top 10 TE. It has nothing to do with Swift. He's past his prime.,hot_take,,reddit-pullpush,https://reddit.com/r/fantasyfootball/comments/1kmu9cd/is_it_safe_to_assume_kelce_is_washed_and_no/mt2m12i/
Probably should have gotten rid of him after last season before the rookie draft we did,reaction,,reddit-pullpush,https://reddit.com/r/fantasyfootball/comments/1kpn1j6/is_it_time_to_move_on_from_alvin_kamara/mt1m0g7/
Lol Right? Very clear I have some work to do. Mom couldn’t wait to rub it in my face.,reaction,,reddit-pullpush,
Overrated and overpaid,hot_take,,reddit-pullpush,
His knee went backwards like week 3. This is the real issue that people keep conveniently forgetting,analysis,,reddit-pullpush,https://reddit.com/r/fantasyfootball/comments/1kownn7/devante_adams_on_the_rams_fantasy_value/mstr7cs/
Shesh more than josh Allen,hot_take,,reddit-pullpush,
"BTJ has entered the chat. In other words, using that logic, you'd have had zero chance at getting the WR4 in ppr last year.",analysis,,reddit-pullpush,https://reddit.com/r/fantasyfootball/comments/1kq9ct4/whats_your_most_controversial_but_consistently/mt40e6f/
You're clueless,reaction,,reddit-pullpush,
"You absolutely 100% need film to throw the ball to a receiver. You, my friend, do not know ball.",hot_take,,reddit-pullpush,https://reddit.com/r/fantasyfootball/comments/1kpojzk/caleb_williams_with_a_clean_pocket_in_2024_75/mt03yns/
"I think he has serious rushing TD upside, he had 21 rushing tds in his last two seasons of college.",analysis,,reddit-pullpush,https://reddit.com/r/fantasyfootball/comments/1kpojzk/caleb_williams_with_a_clean_pocket_in_2024_75/mszf2et/
You seem l so insistent on arguing that teams with bad red zone offense and talented kickers somehow don’t produce good fantasy kicker choices. I gave you a hypothesis and stats to back it up from the most recent year. You can do the 20 year regression analysis if you want. I’ll stick with my strategy.,analysis,,reddit-pullpush,https://reddit.com/r/fantasyfootball/comments/1ko4wbh/why_dont_draft_te_dst_or_k/msvr0h7/
The patriots might have 3 or 4 new starters on the o line. Expect them to be much improved.,hot_take,,reddit-pullpush,https://reddit.com/r/fantasyfootball/comments/1koivh0/2025_offensive_lines/mssw66k/
I’ll take the discounts on Olave and Shahid as they’ll be throwing a lot in garbage time.,hot_take,,reddit-pullpush,https://reddit.com/r/fantasyfootball/comments/1kpn1j6/is_it_time_to_move_on_from_alvin_kamara/msz29d0/
"The only thing that makes Saquon’s situation unique is the quality of the O-line, it means despite the usage last year he’s less worn than what he should be. If the O-line is of similar quality there is a chance he can play the entire year and be a top 5 RB.",analysis,,reddit-pullpush,https://reddit.com/r/fantasyfootball/comments/1kpm96l/fantasy_football_regression_candidates/mt3tf1z/
Appreciate all the commentary! Let’s win some titles this season!,reaction,,reddit-pullpush,
"They've paid him, CMC, Kittle...Warner? They can't have much more $$$, right? RIGHT?!",reaction,,reddit-pullpush,
"for me Nico Collins, David Mont. David being ADP at round 5/6 is insane.",hot_take,,reddit-pullpush,https://reddit.com/r/fantasyfootball/comments/1kpn1j6/is_it_time_to_move_on_from_alvin_kamara/mt01isi/
"Yea that’s realistic, barring injury to him or to Lamar. I like him and pick him in best ball often I just don’t think they will have the easy sos for the first half of the season like last year. Henry slowed down in the second half of the season imo because the schedule got tougher with better run stopping d, not because he was tired or they slowed down as a unit",analysis,,reddit-pullpush,https://reddit.com/r/fantasyfootball/comments/1knxwop/top_25_dynasty_running_back_tiers_revealed_2025/mstxcib/
I WILL be taking the Broncos DST around round 7. We run .05 return yard points,reaction,,reddit-pullpush,
"Adams has been slowing down, tbh. He just has gotten such an insane amount of targets his volume stats haven't fallen off terribly. Also, Kupp's stats are pretty skewed by an insane 21 targets week 1. Over his other 13 games he only received 87 targets. I feel like Adams is at a better point in his career than Kupp was last year, but I still don't love the value and I think considering his age, his QBs age, and the fact he is 1B at best I feel he is being overdrafted. Realistically, how confident are people he can finish top 15 if he averages 7 targets a game vs the more than 10 he has averaged over the last 4 seasons.",analysis,,reddit-pullpush,https://reddit.com/r/fantasyfootball/comments/1kownn7/devante_adams_on_the_rams_fantasy_value/mstt1gr/
Same reason I drafted rachaad white last year. Tbh he will probably catch a lot of balls this year too,hot_take,,reddit-pullpush,https://reddit.com/r/fantasyfootball/comments/1kpn1j6/is_it_time_to_move_on_from_alvin_kamara/msz4knw/
Where TF is ETN,reaction,,reddit-pullpush,
"Sure, but timing of routes and expecting a guy in one place and him being in another matters. I’m not going to solely blame coaching, I’m not that dull, but to completely disregard that coaching has some degree of fault is just dumb to me. Reports were that Waldron didn’t even have a set amount of steps for each drop back. Was just telling Caleb to just wing it. That’s asinine. Caleb missed some routine throws last year, definitely…but the numbers are fluffed downwards because of both things being true",analysis,,reddit-pullpush,https://reddit.com/r/fantasyfootball/comments/1kpojzk/caleb_williams_with_a_clean_pocket_in_2024_75/mszzn8f/
"Uh, no. Only Niner fans say this. We seem to overvalued him quite a bit because of his Cinderella story.",hot_take,,reddit-pullpush,
"Can’t wait for Romo to say say something like “shough chucked it to the other team, try saying that three times fast Jim”",reaction,,reddit-pullpush,https://reddit.com/r/fantasyfootball/comments/1kpn1j6/is_it_time_to_move_on_from_alvin_kamara/msz4epg/
"Yep. And had 12 other RB24 or better weeks in PPR excluding that game. Of those 12, 5 were RB12 or better. Only one week as not at least an RB2 (8.40pts vs Denver).",analysis,,reddit-pullpush,https://reddit.com/r/fantasyfootball/comments/1kpn1j6/is_it_time_to_move_on_from_alvin_kamara/msz3esi/
"You’re demonstrating pretty solid confirmation bias yourself. Most sites have him QB13 right now, not even a staring fantasy QB unless you’re SF. For all the reasons already listed, Talented HC/OC, Talented Skill positions, More experience, dual threat. Totally reasonable to think QB13 is giving up minimal draft collateral to grab a player with that upside. Also you seem to keep missing my point around clean pocket stats. If a QB has a consistently clean pocket, they get in a rhythm and trust the line and play with ideal timing. When a QB doesn’t have a consistently clean pocket they begin to just expect pressure to the point even in a clean pocket they throw early, or take off early unnecessarily because they don’t trust the line. Being more specific to Caleb, anyone who watches bears games also knows the WR route tree was diabolical and not setting up the receivers for success either. What you’re doing is taking on stat and using it to blindly justify a position. You should be more open to all the data and all the context.",analysis,,reddit-pullpush,https://reddit.com/r/fantasyfootball/comments/1kpojzk/caleb_williams_with_a_clean_pocket_in_2024_75/mszm14y/
we really gonna,reaction,,reddit-pullpush,
Harvey?!? Never would have known who he was without this article. Thank goodness I clicked on it.,reaction,,reddit-pullpush,
"Regression doesn’t have to be dramatic, it’s usually a return to their historical avg. like if Sam Darnold throws for 3500 yards, 25 TDs and 12 INTS that’s not massive fall off just a regression to more normal numbers",analysis,,reddit-pullpush,https://reddit.com/r/fantasyfootball/comments/1kpm96l/fantasy_football_regression_candidates/mt3t0mz/
You absolutely do not. Cope harder.,reaction,,reddit-pullpush,
I'm not buying it. What if TLaw just isn't good? I had BTJ on my team last year and it wasn't until TLaw got hurt that he started to ball out.,analysis,,reddit-pullpush,https://reddit.com/r/fantasyfootball/comments/1ko23rs/8_fantasy_football_breakout_candidates_value/msyzq28/
I like Beck here. You get a wide receiver who will give you flex play,hot_take,,reddit-pullpush,https://reddit.com/r/fantasyfootball/comments/1kphdrp/official_keeper_dynasty_best_ball_sun_05182025/mt46bjm/
"Considering the coaching disaster last year, it’s a miracle Caleb had half as good a season as he did.",hot_take,,reddit-pullpush,https://reddit.com/r/fantasyfootball/comments/1kpojzk/caleb_williams_with_a_clean_pocket_in_2024_75/mt0jnib/
He’s never done a thing to warrant the hype lmaoooo. Ok dude.,reaction,,reddit-pullpush,
"Just taking a quick glance at PFR, you pulled the last point out of your ass.",reaction,,reddit-pullpush,https://reddit.com/r/fantasyfootball/comments/1kpn1j6/is_it_time_to_move_on_from_alvin_kamara/mt0zxq8/
"It's almost as asinine to keep the gm who was heavily involved with selecting waldron and was the only one who wanted to keep eberflus going into the season. The bears will always do bears things. We aren't talking about a guy who was just average and now good coaching he's going to become a top 8-14 guy. Were talking about one of the least accurate qbs throwing the ball past 7 yards in the nfl. 30th at deep balls. 30th at intermediate. Caleb's misses weren't out of sync misses. They were so misfired even the defense wasn't close by. You can hope for better coaching to result in better decisions. Hoping better coaching is going to fix inaccuracy is setting yourself up for disappointment. There's a reason why when waldron was fired the playbook was throw it short and if the first option is gone, run.",analysis,,reddit-pullpush,https://reddit.com/r/fantasyfootball/comments/1kpojzk/caleb_williams_with_a_clean_pocket_in_2024_75/mt132u7/
His adp will probably be low enough that he’ll outperform it again but I think if you are gonna get a decent season out of him as long as you expect low end RB2,analysis,,reddit-pullpush,https://reddit.com/r/fantasyfootball/comments/1kpn1j6/is_it_time_to_move_on_from_alvin_kamara/mt0gieq/
Absolutely agree. You could even make the argument that this is the best coaching staff he’s ever worked with. McVay wouldn’t make a play for him if he didn’t feel like he could use him at a high level - especially for a team that expects to be in the mix not only for the division but also for the conference.,analysis,,reddit-pullpush,https://reddit.com/r/fantasyfootball/comments/1kownn7/devante_adams_on_the_rams_fantasy_value/mstrp38/
Kamara got 1-2 years left before he’s likely outta the league!!,hot_take,,reddit-pullpush,https://reddit.com/r/fantasyfootball/comments/1kpn1j6/is_it_time_to_move_on_from_alvin_kamara/mszajnx/
He will probably eclipse Hurts this year in every metric besides one yard rushes,hot_take,,reddit-pullpush,https://reddit.com/r/fantasyfootball/comments/1kpojzk/caleb_williams_with_a_clean_pocket_in_2024_75/mszpn0x/
I remember when Bears fans kept repeating this phrase with Fields lol,reaction,,reddit-pullpush,https://reddit.com/r/fantasyfootball/comments/1kpojzk/caleb_williams_with_a_clean_pocket_in_2024_75/mt1n5mq/
"Hell no it ain’t time. They’ve been sayin that for the past two years. Hell I remember when they were saying that about Henry but now with his new contract it probably is time. LOL! Who dat sayin it’s time to move on from Kamara Some fool, dat who😂",reaction,,reddit-pullpush,https://reddit.com/r/fantasyfootball/comments/1kpn1j6/is_it_time_to_move_on_from_alvin_kamara/mszy5q6/
Players can be bad and still get force fed a bunch of targets. Receptions don't make a player good,hot_take,,reddit-pullpush,https://reddit.com/r/fantasyfootball/comments/1kpm96l/fantasy_football_regression_candidates/mszegr0/
"I’m loving the potential. Idc if Puka’s healthy, Davante will get his. If he’s still available in rounds 3-4, he’s my priority.",hot_take,,reddit-pullpush,https://reddit.com/r/fantasyfootball/comments/1kownn7/devante_adams_on_the_rams_fantasy_value/msu0yys/
There's plenty of doubt Puka will be more productive imo,reaction,,reddit-pullpush,
God damn the Breece disrespect man lol,reaction,,reddit-pullpush,
"You called it first, respect 🫡💪🏼",reaction,,reddit-pullpush,
I would expect him to miss at least 30% of the season,hot_take,,reddit-pullpush,
"Will not be taking him under any circumstance. If he ends up being RB1, so be it. Can't pick someone that risky with your first pick. I'd only consider if he fell to rounds 4 or later.",hot_take,,reddit-pullpush,https://reddit.com/r/fantasyfootball/comments/1koypnc/fantasy_football_running_back_rankings_2025/mswhfde/
"As the season went on last year, he just started to look very slow. Lost all of his explosiveness and acceleration. I’m pretty sure a DE could cover him 1v1 right now. That Super Bowl performance he had was something else…. prime Gronk would have played better with a torn ACL.",hot_take,,reddit-pullpush,https://reddit.com/r/fantasyfootball/comments/1kmu9cd/is_it_safe_to_assume_kelce_is_washed_and_no/msxgv6s/
"I’m not sure how many “great players” the jags had last year, but Brian Thomas Jr was WR #4 in PPR last year. Also drake london and Bijan Robinson also in top 5 for position, on a 6-10 team.",analysis,,reddit-pullpush,https://reddit.com/r/fantasyfootball/comments/1kq9ct4/whats_your_most_controversial_but_consistently/mt41w4s/
Rams fan here. Celebrating this tonight,reaction,,reddit-pullpush,
in no situation should jeanty go over gibbs,hot_take,,reddit-pullpush,
1k and 10 tds is very possible. Which is perfect for a round three pick if you’re avoiding RB deadzone,hot_take,,reddit-pullpush,https://reddit.com/r/fantasyfootball/comments/1kownn7/devante_adams_on_the_rams_fantasy_value/mstqzbk/
I'm really curious if Jacory Croskey-Merritt will pick up some snaps. His situation is such a wildcard.,reaction,,reddit-pullpush,https://reddit.com/r/fantasyfootball/comments/1koivh0/2025_offensive_lines/msvofh6/
"He should catch a bunch of balls. Saints are gonna be bad, barring something crazy unexpected. Not likely to have many positive game scripts and hard to see him putting up many TDs on that offense. He’s old. Should be a serviceable but unexciting RB2?",analysis,,reddit-pullpush,https://reddit.com/r/fantasyfootball/comments/1kpn1j6/is_it_time_to_move_on_from_alvin_kamara/msyzfxy/
"I already know that. People keep trying to say everything is perfectly binary. It's either all the QBs fault or not his fault at all. Caleb airmailed a ton of passes, had the worst accuracy downfield in the league, and took sacks on over 30% pressures when non blitzed. Those are his fault.",analysis,,reddit-pullpush,https://reddit.com/r/fantasyfootball/comments/1kpojzk/caleb_williams_with_a_clean_pocket_in_2024_75/mt0xtmi/
"Yeah, I think he has a very clear route to be the RB3 there, and if anyone gets hurt he could easily see a share. I like him a lot, maybe one of my favorite post draft waiver pickups, but still need to majorly temper expectations of him getting on the field soon.",analysis,,reddit-pullpush,https://reddit.com/r/fantasyfootball/comments/1koivh0/2025_offensive_lines/msvuo1y/
That offense will definitely be good but Stafford definitely locks on to one target and feeds him a lot. TBD if it’s him of puka this year.,hot_take,,reddit-pullpush,https://reddit.com/r/fantasyfootball/comments/1kownn7/devante_adams_on_the_rams_fantasy_value/msu0jri/
Don’t know yet. Waiting.,reaction,,reddit-pullpush,
Ben Johnson has to have a high chance to coach this out of him based on everything we've seen from him to date.,hot_take,,reddit-pullpush,https://reddit.com/r/fantasyfootball/comments/1kpojzk/caleb_williams_with_a_clean_pocket_in_2024_75/mt02226/
"Lol. Found the coping bears fan. He was just inaccurate past 7 yards. Period. He struggled past 1st reads. And was most successful when brown took over and said fuck it 5 yards or less only. He can make a nice scramble throw here and there but thats hardly ""best when allowed to let loose"". When he was put on a strangle hold leash he played his best.",analysis,,reddit-pullpush,https://reddit.com/r/fantasyfootball/comments/1kpojzk/caleb_williams_with_a_clean_pocket_in_2024_75/mszj5n0/
McCarthy has a lot more rushing upside than Caleb,hot_take,,reddit-pullpush,
"Kelce had 3 touchdowns. 90 something receptions. He's on his way down, but the 3 tds was incredibly low compared to his other stats and his history.",analysis,,reddit-pullpush,https://reddit.com/r/fantasyfootball/comments/1kpm96l/fantasy_football_regression_candidates/msystbf/
The counter strategy to this is to take a hard look at the unpopular/washed guys ahead of time because when people do nominate them early you can often get them for much cheaper than they should be.,analysis,,reddit-pullpush,https://reddit.com/r/fantasyfootball/comments/1kq9ct4/whats_your_most_controversial_but_consistently/mt43bu2/
"And after reaching on te for some reason last year (damn you kinc and laporta) im planning to punt qb and te. I’m happy with 2 late tes, and I would reach on maye, beside that just stack the flexes.",analysis,,reddit-pullpush,https://reddit.com/r/fantasyfootball/comments/1kownn7/devante_adams_on_the_rams_fantasy_value/msvjpn5/
If you are under pressure on most dropbacks you feel that pressure on all dropbacks,hot_take,,reddit-pullpush,https://reddit.com/r/fantasyfootball/comments/1kpojzk/caleb_williams_with_a_clean_pocket_in_2024_75/mt05t28/
"> You clearly didn’t watch the bears play last year. Yes I did, and he was awful",hot_take,,reddit-pullpush,https://reddit.com/r/fantasyfootball/comments/1kpojzk/caleb_williams_with_a_clean_pocket_in_2024_75/mszmydk/
"It’s hilarious because I watched another rookie QB in Drake Maye play behind the ACTUAL worst line in football, with arguably worse coaching, and FAR worse receiving corps… and magically wasn’t making all these mistakes bears fans swept under the rug for Caleb.",analysis,,reddit-pullpush,https://reddit.com/r/fantasyfootball/comments/1kpojzk/caleb_williams_with_a_clean_pocket_in_2024_75/mszyzyq/
If you watch a giants game you'd know Although as a giants fan I wouldn't recommend it,reaction,,reddit-pullpush,https://reddit.com/r/fantasyfootball/comments/1koivh0/2025_offensive_lines/mswiref/
Yeah it’s you 😂,reaction,,reddit-pullpush,
Temu tom Brady got your quarterback from shein,reaction,,reddit-pullpush,
Except his rushing peripherals were pretty shitty last year.,hot_take,,reddit-pullpush,https://reddit.com/r/fantasyfootball/comments/1kq9ct4/whats_your_most_controversial_but_consistently/mt3zzed/
it's OK to draft 3 qb's if you're one of the last to pick your first qb. it's landed me league winning gems in multiple years at the cost of minimal draft capital.,analysis,,reddit-pullpush,https://reddit.com/r/fantasyfootball/comments/1kq9ct4/whats_your_most_controversial_but_consistently/mt3ymud/
"Well that’s just like your opinion, man…",reaction,,reddit-pullpush,
"That's a fan bias. As a Niner fan, I admit I like him but he isn't a top 10 qb",hot_take,,reddit-pullpush,https://reddit.com/r/fantasyfootball/comments/1kobsnc/russini_the_49ers_and_qb_brock_purdy_have_agreed/mst9xm6/
"Lol Bowers and McBride are #1 and #2. No, Kittle and Hock are not ""the same"" as washed Kelce or Jake Ferguson",hot_take,,reddit-pullpush,
Just listed 4 guys on my 14 tm champion team 🤦‍♂️,reaction,,reddit-pullpush,
I think the biggest regression candidate is Saquon Barkley. And I’m an Eagles fan.,hot_take,,reddit-pullpush,https://reddit.com/r/fantasyfootball/comments/1kpm96l/fantasy_football_regression_candidates/msyxnhj/
Always was. Father Time is coming for him. And a serious rebuild may start soon too.,hot_take,,reddit-pullpush,
Fukin Rams are gonna be strong this year,reaction,,reddit-pullpush,
"He also just airmailed balls, a lot. People dogged DJ Moore for giving up on routes but so often Caleb would just throw a ball 5 feet over Moore’s head after Moore beat his man. I know that’s due to footwork and bad coaching, but his accuracy was shockingly bad at times. I expected more from him there. Like okay if you’re pressured, most QBs won’t do well. But you shouldn’t be missed open TD’s because you threw the ball 10 feet high into the back of the end zone, then the next play throw it into the dirt intended for your check down. I have it burned into my memory of him clapping his hands in a “wish I had that one back” 3-5 times a game walking off the field lol. I have him in my dynasty league so I’m hoping good coaching fixes that, but it wasn’t just all due to facing a lot of pressure/bad coaching which makes me feel he’ll be another TLaw.",analysis,,reddit-pullpush,https://reddit.com/r/fantasyfootball/comments/1kpojzk/caleb_williams_with_a_clean_pocket_in_2024_75/mt02yxc/
The greatest thing about sports,reaction,,reddit-pullpush,
"There are a couple QBs I would, and do, absolutely take in those rounds. It's really hard to find someone that will outscore Josh Allen in picks 2 through 4, for example.",hot_take,,reddit-pullpush,https://reddit.com/r/fantasyfootball/comments/1kq9ct4/whats_your_most_controversial_but_consistently/mt42fz8/
Yeah I don’t think Celeb will ever live up to the number #1 pick.,hot_take,,reddit-pullpush,
I think he’s going to be a top 10-15 ppr wr,hot_take,,reddit-pullpush,
Hey at least you got something for Saquon…unlike the giants lol,reaction,,reddit-pullpush,
I think Adam’s and the TEs will be the RedZone targets though. Adam’s has the size and hands,hot_take,,reddit-pullpush,https://reddit.com/r/fantasyfootball/comments/1kownn7/devante_adams_on_the_rams_fantasy_value/mt28sww/
"I mean, I've been out on all Packers WRs post Davante Adams because they just don't consistently target 1 guy enough. If Golden breaks that I'll happily readjust and draft him next year",analysis,,reddit-pullpush,https://reddit.com/r/fantasyfootball/comments/1kmv3w1/bears_packers_preview/msyknc1/
3rd best rb in the league,hot_take,,reddit-pullpush,
I’m gonna say you ONLY watch and have never played. Fantasy football doesn’t make you know anything other than stats. He’s overrated and that’s coming from 20 years of playing experience,hot_take,,reddit-pullpush,https://reddit.com/r/fantasyfootball/comments/1kpojzk/caleb_williams_with_a_clean_pocket_in_2024_75/mszz2rv/
Harvey and Blue won't be sleepers by August.,hot_take,,reddit-pullpush,
"Bro literally had no help from the coaching staff and was alone in the film room. Remember JSN's glowing endorsement of Waldron? ""Uhhh, good luck i guess.""",analysis,,reddit-pullpush,https://reddit.com/r/fantasyfootball/comments/1kpojzk/caleb_williams_with_a_clean_pocket_in_2024_75/mszg2s5/
"If last years qb class would have been the Kenny Pickett 2.0 class besides Caleb, then I think the outlook on him wouldn’t be nearly so negative. Daniels, Nix and Maye all played better than him and he was the highest pick so people are ready to jump off the ledge.",analysis,,reddit-pullpush,https://reddit.com/r/fantasyfootball/comments/1kpojzk/caleb_williams_with_a_clean_pocket_in_2024_75/mt114tw/
"I love how QB's get credited with ""wins"" as though it's not a team sport.",hot_take,,reddit-pullpush,https://reddit.com/r/fantasyfootball/comments/1kobsnc/russini_the_49ers_and_qb_brock_purdy_have_agreed/mstf789/
defensive much? Back to your pokemon subs 🤡,reaction,,reddit-pullpush,
"I mean, if he isn’t then you’re arguing the basically no quarterback is. Which is fine if you think that quarterbacks are way over paid and a team would be better to zig and constantly use rookies or a low priced option instead of zagging and paying the market rate. But you’re basically saying that Goff, Stafford, or any other quarterback other than the top 2-4 MVP-caliber QBs, was not on a rookie deal should essentially be let go.",analysis,,reddit-pullpush,https://reddit.com/r/fantasyfootball/comments/1kobsnc/russini_the_49ers_and_qb_brock_purdy_have_agreed/msvk60p/
he’s going to BALL in 2025,hot_take,,reddit-pullpush,
I saw Caleb run himself into a ton of sacks. People never seem to mention that the OL never has any clue what to do when they can't trust their QB to stand tall in the pocket and deliver throws. Instead everyone wants to blame the OL. They have their backs turned to the QB and can't see where he tries to scramble to. It seems like most people who watch football take a hyper-sympathetic view toward their team's quarterback and blame everyone else when they don't want to believe that their QB isn't good. No blocking scheme can cover for a QB that runs himself into sacks and generates self pressures. Caleb had an over 30% sack rate on plays with clean pockets. That's called the OL doing their job and Caleb running himself into a sack anyway.,analysis,,reddit-pullpush,https://reddit.com/r/fantasyfootball/comments/1kpojzk/caleb_williams_with_a_clean_pocket_in_2024_75/mt0xh8p/
"I'm all in on LAR receivers. Only a short window is open, this feels like the year.",hot_take,,reddit-pullpush,https://reddit.com/r/fantasyfootball/comments/1kownn7/devante_adams_on_the_rams_fantasy_value/msv3hf2/
Because they are easier to find through pickups than the rb/wr. It’s also the reason not to draft qb too earlier. 4 of the top 10 qbs last year went undrafted in most fantasy leagues,analysis,,reddit-pullpush,https://reddit.com/r/fantasyfootball/comments/1ko4wbh/why_dont_draft_te_dst_or_k/mstadxa/
Is this your debate? Well you tried your best. Is this where I give you a participation trophy?,reaction,,reddit-pullpush,
"Don't do it. As someone who hasn't the last 2 years, pass on the Titans WR room",hot_take,,reddit-pullpush,
I did last year and I feel meh about it though now I have Williams and chase this year and it feels good,reaction,,reddit-pullpush,https://reddit.com/r/fantasyfootball/comments/1kpn1j6/is_it_time_to_move_on_from_alvin_kamara/mszed98/
"Lol if you don't know what you're looking for when you're watching the All 22 you should save your money this year. Why do you think coaches and players watch film together? Coaches point out the tendencies of receivers and defenders, as well as showing the QB his own habits that need to be worked on. An outside perspective from an experienced coach makes a big difference. It's an extremely valuable coaching exercise. That's why teams do it so much.",analysis,,reddit-pullpush,https://reddit.com/r/fantasyfootball/comments/1kpojzk/caleb_williams_with_a_clean_pocket_in_2024_75/mszx0tx/
"Brady and Montana didn’t have the best physical tools. They can matter. Help Mahomes, Allen, and Lamar a lot. But Purdy has just been effective. He’ll be young and impactful his whole contract. I can’t tell you who to like better but Purdy has had 2 QB ratings over 100 in 3 seasons and his third season was a 96. Stafford in 16 years has hit 100 exactly 2 times and has had higher than Brock’s low of 96 exactly 6 times. So far Purdy has been better and he’s 26 this coming season.",analysis,,reddit-pullpush,https://reddit.com/r/fantasyfootball/comments/1kobsnc/russini_the_49ers_and_qb_brock_purdy_have_agreed/msua4cg/
Olave is god awful,hot_take,,reddit-pullpush,
"23 days later: I completely agree on the second part, I half agree on the 1st part, the Bears did need another TE given their HC and likely personnel to run, but if anything I feel like Loveland has shown better blocking in college than Warren did, and Kmet is a very good receiving TE if anything who has rock solid hands and solid route running for a TE. Obviously they could flip around and mix things Why do I think Loveland was a better blocker than Warren despite him being about 10-15 pounds < Warren? For starters Loveland has 32 1/4 in. arms compared to Warren's 31 1/4. Plus he's shown better technique as a run blocker, it also helps that he played significantly more snaps % wise last season as an in-line or Y tight end, source: [https://www.sportsinfosolutions.com/2025/04/22/how-do-tyler-warren-and-colston-loveland-compare-as-draft-prospects/](https://www.sportsinfosolutions.com/2025/04/22/how-do-tyler-warren-and-colston-loveland-compare-as-draft-prospects/) Side note: on-ball TE is Y and off-ball TE is F if ur confused I'm using Warren bc he has a similar profile to Kmet although I think Warren has a much higher ceiling",analysis,,reddit-pullpush,https://reddit.com/r/fantasyfootball/comments/1k78sit/rapoport_the_first_tight_end_is_off_the_board_but/mt1ibgk/
"To be clear, I am not saying that Brock is those two. But you just mentioned processing yourself. That isn’t a physical trait that you were referring to earlier. Brock’s processing is better than most of the quarterbacks current 2nd tier and lower QBs listed. So it is accuracy. He certainly does not have an elite arm or legs. But his physical traits are good enough in his awareness and processing elevate him further. Certainly high enough to be making what players like Goff and Stafford make.",analysis,,reddit-pullpush,https://reddit.com/r/fantasyfootball/comments/1kobsnc/russini_the_49ers_and_qb_brock_purdy_have_agreed/msueli2/
I’m sure that’s why you keep getting downvoted 🙏,reaction,,reddit-pullpush,
You think Lamar and others might start holding out cuz of this craziness?,hot_take,,reddit-pullpush,
He's borderline 10th at best,hot_take,,reddit-pullpush,
Purdy is better than Hurts,hot_take,,reddit-pullpush,
"It will be difficult but possible if they get off to a hot start. The Bills will likely win the division yes but if the coaching staff and offensive core is competent and Maye doesn’t regress, 10 wins is on the table. Just gonna come down to who those 10 wins are against and if it gets them in",analysis,,reddit-pullpush,https://reddit.com/r/fantasyfootball/comments/1kpojzk/caleb_williams_with_a_clean_pocket_in_2024_75/mt1j6hr/
"I didn’t think he was the best quarterback in that class when the Bears took him,",hot_take,,reddit-pullpush,https://reddit.com/r/fantasyfootball/comments/1kpojzk/caleb_williams_with_a_clean_pocket_in_2024_75/mt0y1sp/
"I have zero qualms drafting AK around his ADP. That being said though, if he performs anything like he did last year early season, I'm gonna be trying to trade him.",hot_take,,reddit-pullpush,https://reddit.com/r/fantasyfootball/comments/1kpn1j6/is_it_time_to_move_on_from_alvin_kamara/mt2bei8/
"I see this as his last consistent year to be able to consistently start him as a higher end RB(probably mid to high RB2 this year). In dynasty, you probably ride out unless you can snag a young piece or a late 1st rookie pick. In redraft, it’s all draft dependent but he offers more upside than a lot of players at that range.",analysis,,reddit-pullpush,https://reddit.com/r/fantasyfootball/comments/1kpn1j6/is_it_time_to_move_on_from_alvin_kamara/msyzcee/
Yes...he may not crack the top 10,hot_take,,reddit-pullpush,
20 YEARS!!! Wowowow,reaction,,reddit-pullpush,
"Plenty of times in Detroit between Megatron, Golden Tate, Golladay, and Marvin Jones. Seems like his time with the Rams he's never had two healthy WRs. 2021 Robert Woods was averaging 15.2 FPG but in only 9 games.",analysis,,reddit-pullpush,https://reddit.com/r/fantasyfootball/comments/1kownn7/devante_adams_on_the_rams_fantasy_value/msy9slk/
"Thank you, someone gets it",hot_take,,reddit-pullpush,
"People do this so they can get extra undrafted rookies. They have all summer to watch and see if any will stand out. Then you cut a couple guys and pick up your kicker and dst, right before week one.",analysis,,reddit-pullpush,https://reddit.com/r/fantasyfootball/comments/1ko4wbh/why_dont_draft_te_dst_or_k/mt1l5rl/
Start the QB run early (like 6th or so) when in a league with people who don't play fantasy often. Then snag up the remainder skill positions the next 2 or so rounds.,analysis,,reddit-pullpush,https://reddit.com/r/fantasyfootball/comments/1kq9ct4/whats_your_most_controversial_but_consistently/mt44eoi/
Yeah! Not everyone is lucky to have an elite guy like Mac Jones throwing them the ball like BTJ,reaction,,reddit-pullpush,https://reddit.com/r/fantasyfootball/comments/1khtcjh/which_of_these_four_wrs_should_be_the_wr1_going/mstn7k7/
"guys like Allen, Hurts, Lamar just score SO MANY points and so consistently that I think it's better off as well.",hot_take,,reddit-pullpush,https://reddit.com/r/fantasyfootball/comments/1kq9ct4/whats_your_most_controversial_but_consistently/mt42ztf/
The rams offence doesn’t support two high volume receivers. Mcvay has to feed one,hot_take,,reddit-pullpush,
It’s like shouting into the void at this point. They’re going to surprise some people this year.,reaction,,reddit-pullpush,https://reddit.com/r/fantasyfootball/comments/1koivh0/2025_offensive_lines/mstdzco/
"I’ve won my home league three years in a row. It’s a 12-team Superflex league with 3 WRs, 2 RBs, 1 TE, 1 QB, and a Superflex spot. In the first round, I always aim for a stud QB. If I can’t get one, I take the best WR on the board I got JJettas last year. I never leave the first two rounds without a QB, and by round 5, I want to have at least two stud WRs, a QB, a top-3 TE (Trey McBride last year), and hopefully my second QB. As for running backs, I don’t believe hero RB is the best strategy. In my experience, targeting ambiguous backfields like CIN and TB last year gives you the most value if you hit. Since you’ve already covered your core positions, you can afford to take more shots on these value RBs based on cost.",analysis,,reddit-pullpush,https://reddit.com/r/fantasyfootball/comments/1kq9ct4/whats_your_most_controversial_but_consistently/mt3vzhc/
Weird. He sent photos of his ESPN baseball league.,reaction,,reddit-pullpush,
I'm not taking Olave period,hot_take,,reddit-pullpush,
So happy I got a share of Hunter he is about to take over the Rams backfield next season,reaction,,reddit-pullpush,
This can't be a thing,reaction,,reddit-pullpush,
"Statistically speaking RBs have a steep decline after 2 milestones; 1500 touches 29 years of age Kamara has reached both of those milestones. I guess to put it simply, I’d rather move on a year too soon than hold on a year too long. But I could definitely see why it would seem like a silly question. Also, with a rookie QB and 1st year head coach, Kamara could be facing a lot of stacked fronts that dare the Saints to throw the ball.",analysis,,reddit-pullpush,https://reddit.com/r/fantasyfootball/comments/1kpn1j6/is_it_time_to_move_on_from_alvin_kamara/mt02e7h/
10-11 TDs is also on the high end. Most seasons there's only 5-8 WRs in the entire NFL with double digit TDs. It much more likely that he gets closer to 7 or 8 TDs with his relatively low target numbers.,analysis,,reddit-pullpush,https://reddit.com/r/fantasyfootball/comments/1kpm96l/fantasy_football_regression_candidates/msz1ryu/
He could be a workhorse under a team with new coaching and poor QB play. Poor QB play could however lead to more check-downs which could help with PPR. Could be a valuable asset.,analysis,,reddit-pullpush,https://reddit.com/r/fantasyfootball/comments/1kpn1j6/is_it_time_to_move_on_from_alvin_kamara/mt2f7tj/
Seahawks homer- sad to see him go but hes done! Will slide out of bounds avoid contact.,reaction,,reddit-pullpush,
"Feel like Kamara is always underrated. If you look at AK’s stats during his career, they’re pretty comparable to CMC.",analysis,,reddit-pullpush,https://reddit.com/r/fantasyfootball/comments/1kpn1j6/is_it_time_to_move_on_from_alvin_kamara/msz938z/
I'm making a general comment on a QB being able to rewire their bad habits with coaching.,hot_take,,reddit-pullpush,https://reddit.com/r/fantasyfootball/comments/1kpojzk/caleb_williams_with_a_clean_pocket_in_2024_75/mt1ohf3/
"Lol yeah his first game back after suspension or something. In nonPPR… major fade. But any format that counts catches/touches, no reason to think he doesn’t get ran into the ground.",analysis,,reddit-pullpush,https://reddit.com/r/fantasyfootball/comments/1kpn1j6/is_it_time_to_move_on_from_alvin_kamara/msz13mi/
I didn’t hear it here first. I’ve heard murmurs all offseason about the history regarding the usage he got followed by regression/injury the following season. It wouldn’t surprise me at all if he got hurt.,analysis,,reddit-pullpush,https://reddit.com/r/fantasyfootball/comments/1kpm96l/fantasy_football_regression_candidates/mszfwzb/
"lol I don’t think you understand “objectively”. Based on the stats the bears is worse, meaning they’re objectively worse.",hot_take,,reddit-pullpush,https://reddit.com/r/fantasyfootball/comments/1koivh0/2025_offensive_lines/msw54jz/
Chase brown is a top 10 back but people don’t wanna have that convo yet,hot_take,,reddit-pullpush,https://reddit.com/r/fantasyfootball/comments/1koypnc/fantasy_football_running_back_rankings_2025/mstwlx8/
"Keep watching his highlight tapes and think that the 5 good throws he makes a game is every throw, and then just forget about all the garbage plays he produces. Hes overrated as all hell",hot_take,,reddit-pullpush,https://reddit.com/r/fantasyfootball/comments/1kpojzk/caleb_williams_with_a_clean_pocket_in_2024_75/mszujz8/
"They're not stealing Brock or anything, but it's easily fair value. Look inside that division; Kyler is getting $46M/yr and has a losing record. Stafford is getting $40M/yr and is on the edge of retirement, and the Seahawks are paying the 49ers old backup, Darnold, $34M/yr. Brock is easily the best situation in the NFC West. He's been successful, and if can maintain at the level he's playing at, or even improve, it's a fair to good contract.",analysis,,reddit-pullpush,https://reddit.com/r/fantasyfootball/comments/1kobsnc/russini_the_49ers_and_qb_brock_purdy_have_agreed/msu57dq/
Niners are finished 😂,reaction,,reddit-pullpush,
"This tracks, JJ Zacharison talks about this in his podcast. He made his name off of late round QBs but he said around 2017 (Lamar and Josh Allen) qb points became way more predictable leading to an early-mid round strategy that’s typically better",analysis,,reddit-pullpush,https://reddit.com/r/fantasyfootball/comments/1kq9ct4/whats_your_most_controversial_but_consistently/mt44x7c/
And who’s throwing to them in garbage time? TBH I’m out on all saints players.,hot_take,,reddit-pullpush,https://reddit.com/r/fantasyfootball/comments/1kpn1j6/is_it_time_to_move_on_from_alvin_kamara/msza1d2/
How is this true when through week 14 both puka and Kupp last year were top 5WR points per game through week 14?,analysis,,reddit-pullpush,https://reddit.com/r/fantasyfootball/comments/1kownn7/devante_adams_on_the_rams_fantasy_value/mt35p6z/
Kamara is gonna get the classic “PPR back who is the focal point and best option for every play because his offense is shit otherwise” treatment It’s rb2/3 ceiling territory for normal hybrid scatbacks Kamara is a unicorn. He is going to be fine,analysis,,reddit-pullpush,https://reddit.com/r/fantasyfootball/comments/1kpn1j6/is_it_time_to_move_on_from_alvin_kamara/mt1hdzv/
"Consistently taking shots on rookie RBs has landed me guys like Gibbs, Bucky, and Achane",analysis,,reddit-pullpush,https://reddit.com/r/fantasyfootball/comments/1kq9ct4/whats_your_most_controversial_but_consistently/mt3ux7a/
"You mean Nick Mullens who was an undrafted free agent, was waived and dropped and resigned multiple times until he finally got a shot to play because the 49ers starter (Jimmy G) and backup (Beathard) were both injured? And then he was better than Beathard? And better than a lot of starting QBs and people in his draft class? Mullens is an example of the NFL not being great at identifying talent and only getting a shot because of crazy circumstances (injuries and cap space management). If Jimmy G didn't get hurt he'd be on a practice squad somewhere.",analysis,,reddit-pullpush,https://reddit.com/r/fantasyfootball/comments/1kobsnc/russini_the_49ers_and_qb_brock_purdy_have_agreed/mswkrm0/
"Although still good, i doubt Jayden Daniels or Brian Thomas Jr. match their rookie numbers.",hot_take,,reddit-pullpush,https://reddit.com/r/fantasyfootball/comments/1kpm96l/fantasy_football_regression_candidates/msyzq7g/
and then youll be back complaining about olave leaving the game again,reaction,,reddit-pullpush,
"The coaches refused to watch game tape with him, there were plenty of reports that flus was too laxed in practice. I’m chalking this up to coaching. Look how uninterested DJ Moore was on plays, blue basically gave up half the time after the 87th screen pass before the half.",analysis,,reddit-pullpush,https://reddit.com/r/fantasyfootball/comments/1kpojzk/caleb_williams_with_a_clean_pocket_in_2024_75/msztmgi/
Yea it's hard to lay this on Caleb IMO. Coaching and the entire situation in Chicago was awful last season.,hot_take,,reddit-pullpush,https://reddit.com/r/fantasyfootball/comments/1kpojzk/caleb_williams_with_a_clean_pocket_in_2024_75/mszpoyi/
I had the unfortunate displeasure of watching nearly all of the Bears games.,reaction,,reddit-pullpush,https://reddit.com/r/fantasyfootball/comments/1kpojzk/caleb_williams_with_a_clean_pocket_in_2024_75/msznhph/
History is cool but he's 35 and will turn 36 during the season. At the tail end of great players' careers people think they'll somehow return to form and that doesn't really happen. Kelce's been going through an age related falloff pretty hard for the past 2 seasons. Film shows he just doesn't have much juice left.,analysis,,reddit-pullpush,https://reddit.com/r/fantasyfootball/comments/1kpm96l/fantasy_football_regression_candidates/msyxlq9/
"Kid deserves it. Best qb after mahomes, allen, hurts, lamar, burrow",hot_take,,reddit-pullpush,
"His production has significantly dropped. I would argue maybe top 10, but definitely not top 5.",hot_take,,reddit-pullpush,https://reddit.com/r/fantasyfootball/comments/1kmu9cd/is_it_safe_to_assume_kelce_is_washed_and_no/mt20hqd/
So we cherry pick 3 near the bottom? What about the others? Does this hold up year after year… or is this loose correlation?,analysis,,reddit-pullpush,https://reddit.com/r/fantasyfootball/comments/1ko4wbh/why_dont_draft_te_dst_or_k/msu0b9o/
fair market price. LFG. Glad Brock got his bag.,reaction,,reddit-pullpush,
"I like him better in Bestball, I could see him having a mix of crazy spike weeks and low point games",hot_take,,reddit-pullpush,https://reddit.com/r/fantasyfootball/comments/1kownn7/devante_adams_on_the_rams_fantasy_value/mstk4ap/
I'm predicting a major injury....you heard it here it first,hot_take,,reddit-pullpush,
I like how people think college tape is useless. How do you think NFL scouts know which players to pick?,hot_take,,reddit-pullpush,https://reddit.com/r/fantasyfootball/comments/1kpn1j6/is_it_time_to_move_on_from_alvin_kamara/msz9djd/
"I don’t think you understand football, it looks like you only understand stats. Williams was forced to play essentially by himself, no coaching, no oline, no development past college. The nfl isn’t college but they essentially sent out a college qb, fucked with his mental by throwing him to wolves, and threw him under the bus in front of the press. You’re not dealing with robots here, you’re dealing with people, and Caleb is a young guy who was forced into a horrible situation. I’m not saying full on trust him this year, but come on man. Sports isn’t just numbers, there’s a lot more human factor going into this.",analysis,,reddit-pullpush,https://reddit.com/r/fantasyfootball/comments/1kpojzk/caleb_williams_with_a_clean_pocket_in_2024_75/mt0zgq3/
Happy for him. The fan base yikes. That's a lot,reaction,,reddit-pullpush,
Do you guys think Ben Johnson would take this job knowing Caleb was a lost cause? I doubt that,hot_take,,reddit-pullpush,https://reddit.com/r/fantasyfootball/comments/1kpojzk/caleb_williams_with_a_clean_pocket_in_2024_75/mt17yp5/
"The film happens to agree with the analytics in that it's terrible. But Bears fans refuse to accept that. Every time I post anything negative about Williams, whether it's film or statistics, I get a flood of angry Bears fans swearing that I must be stupid, not watch film, etc. There's a common denominator here",hot_take,,reddit-pullpush,https://reddit.com/r/fantasyfootball/comments/1kpojzk/caleb_williams_with_a_clean_pocket_in_2024_75/mszpb20/
Jayden Daniels also had professional level and competent coaching while Williams did not. People really are hand waiving that fact and it really just makes those people seem unintelligent. Coaching matters. Especially for a rookie and double especially for a Rookie QB.,analysis,,reddit-pullpush,https://reddit.com/r/fantasyfootball/comments/1kpojzk/caleb_williams_with_a_clean_pocket_in_2024_75/mszo44x/
Wasn’t there a game he had like 2 years ago where he had 13 catches for like 30 yards? Lol that’s what I think of when I hear people say about Kamara “but bad qb play!” Dude is gonna get his no matter what lmao,hot_take,,reddit-pullpush,https://reddit.com/r/fantasyfootball/comments/1kpn1j6/is_it_time_to_move_on_from_alvin_kamara/msz0p8u/
"As a Rams fan, I love this! He look like Jimmy Neutron friend Sheen",reaction,,reddit-pullpush,
How is this true when through week 14 both pula and Kupp last year were top 5WR points per game through week 14?,analysis,,reddit-pullpush,https://reddit.com/r/fantasyfootball/comments/1kownn7/devante_adams_on_the_rams_fantasy_value/mt35ma0/
Until it’s shown on the field everyone is going to presume they have a worse O-line without their AllPro LT,analysis,,reddit-pullpush,https://reddit.com/r/fantasyfootball/comments/1koivh0/2025_offensive_lines/mt1vj3s/
"I think Johnson is good enough to cover up for his deficiencies very well. Generally I don't think coaching gets enough credit for how some QBs play. For example Jared Goff, has always been in an elite coaching situation pretty much, and the one year he wasn't he was pretty mediocre. And Liam Coen making Baker Mayfield one of the msot productive QBs in the league, taking a huge leap from his 2023 season. Meanwhile QBs like Trevor Lawrence who have always had dogshit coaching get all the blame.",analysis,,reddit-pullpush,https://reddit.com/r/fantasyfootball/comments/1kpojzk/caleb_williams_with_a_clean_pocket_in_2024_75/mszj9na/
">For a similar price I'd rather take someone like JJ McCarthy all day So I get not wanting Caleb at ADP this feels weird to say. You say you can't trust Caleb but you're comfortable with the guy who missed his entire rookie season due to injury, was a worse prospect, and has proven even less than Caleb has in the NFL?",analysis,,reddit-pullpush,https://reddit.com/r/fantasyfootball/comments/1kpojzk/caleb_williams_with_a_clean_pocket_in_2024_75/mt0r77a/
"I have pick 10 in a 12 team redraft league. I bet I can do the ultimate ""balls of steel"" thing and go with Henry and CMC. Either they break down and I lose every game or they rock out and I win the league. There is no in-between!",reaction,,reddit-pullpush,https://reddit.com/r/fantasyfootball/comments/1koypnc/fantasy_football_running_back_rankings_2025/msy7m3s/
I won't have any shares. I don't invest in expensive No. 2 WRs.,hot_take,,reddit-pullpush,
Been saying it for two years. HE. AINT. HIM.,reaction,,reddit-pullpush,
I already said I think Williams will be a lot better next year in another comment. I don't have time for this BS lol,reaction,,reddit-pullpush,https://reddit.com/r/fantasyfootball/comments/1kpojzk/caleb_williams_with_a_clean_pocket_in_2024_75/mt149o3/
"Maye looked above average with the sky falling around him. If he gets ANY help from the coaching staff, O-Line and receiving core the Pats are gonna make the playoffs this year. Maye is that good",analysis,,reddit-pullpush,https://reddit.com/r/fantasyfootball/comments/1kpojzk/caleb_williams_with_a_clean_pocket_in_2024_75/mt1htwm/
"True, but karma been in this role for years Miami was first building system around achane and the backup QB Miami wood forward with wasn’t even with the team during training camp.",analysis,,reddit-pullpush,https://reddit.com/r/fantasyfootball/comments/1kpn1j6/is_it_time_to_move_on_from_alvin_kamara/mt01rxp/
But QB will probably check down to him a lot which is great for PPR.,hot_take,,reddit-pullpush,https://reddit.com/r/fantasyfootball/comments/1kpn1j6/is_it_time_to_move_on_from_alvin_kamara/msz27me/
shit prob took yrs off your life,reaction,,reddit-pullpush,
"I’ve had CmC for the past 5 years on my team. Both years he was healthy (2022, 2023) I won the ship comfortably. Other 3 years I’ve lost in the playoffs. He’s an absolute cheat code that basically guarantees you a 50/50 chance at a ship.",analysis,,reddit-pullpush,https://reddit.com/r/fantasyfootball/comments/1koypnc/fantasy_football_running_back_rankings_2025/msyh8jk/
"I don’t play auction anymore, but I used to NEVER put up players that I wanted in the first 3-4 rounds. I would always put up the highest value player that I had no interest in first hoping that people overpay early, so I have more money than them when going for my guys.",analysis,,reddit-pullpush,https://reddit.com/r/fantasyfootball/comments/1kq9ct4/whats_your_most_controversial_but_consistently/mt3su73/
How many throws can a Shough when their team’s out of luck and basically fucked?,reaction,,reddit-pullpush,https://reddit.com/r/fantasyfootball/comments/1kpn1j6/is_it_time_to_move_on_from_alvin_kamara/mt1ynrz/
This is a shit take. Rice and Worthy are miles better than who the Packers have at WR.,hot_take,,reddit-pullpush,
Never said McCarthy wasn't faster but theres more to it than that... and he was just injured for a whole season,hot_take,,reddit-pullpush,https://reddit.com/r/fantasyfootball/comments/1kpojzk/caleb_williams_with_a_clean_pocket_in_2024_75/mt2flc1/
Shough is *really* bad.,hot_take,,reddit-pullpush,
A washed yo Kupp with Luka last year through week 14 both top 5WR points per game you and I are Astute enough to not overlook.,analysis,,reddit-pullpush,https://reddit.com/r/fantasyfootball/comments/1kownn7/devante_adams_on_the_rams_fantasy_value/mt35ij3/
"Jeanty would likely be gone, so I’d probably be targeting a Hampton, Judkins, Henderson, or Golden. Might not be a win now move but depending on how the draft goes it may not be a real detriment. We don’t know our draft positions yet either.",analysis,,reddit-pullpush,https://reddit.com/r/fantasyfootball/comments/1kpn1j6/is_it_time_to_move_on_from_alvin_kamara/mt0h38b/
"This is the bread and butter of fantasy. Would I draft Caleb? Yes. Would I draft him at ADP? No. There are usually 10-20 guys where I say this every year. I’ll take anyone, but value is important.",analysis,,reddit-pullpush,https://reddit.com/r/fantasyfootball/comments/1kpojzk/caleb_williams_with_a_clean_pocket_in_2024_75/mszdyzy/
The age and the projected bad offense make him a poor bet. Running backs on bad offenses have a really hard time getting there.,analysis,,reddit-pullpush,https://reddit.com/r/fantasyfootball/comments/1kpn1j6/is_it_time_to_move_on_from_alvin_kamara/msz2oyn/
Dude saved my season last year,reaction,,reddit-pullpush,
"Day 3 RBs in general dont have much success. Combine that with how bad SF is at evaluating RBs (Sermon and Pierce come to mind as two recent gems) and I would look for another RB to feature besides James. Calling Harvey a ""sleeper"" made me laugh.",analysis,,reddit-pullpush,https://reddit.com/r/fantasyfootball/comments/1ko4izo/top_3_rookie_sleeper_rbs_in_fantasy_football/msv1a1w/
Yeah I wouldn’t be surprised at all to see these dudes go a round or two earlier than ADP,reaction,,reddit-pullpush,
This has to be rage bait ATP. Kelce isn’t even the greatest Chiefs TE. Who let gramps on the internet.,reaction,,reddit-pullpush,
Go drown your sorrows with scotch and get off the internet grandpa,reaction,,reddit-pullpush,
Regression is like a dramatic fall off in stats just hoping that James Cook doesn't regress badly,hot_take,,reddit-pullpush,https://reddit.com/r/fantasyfootball/comments/1kpm96l/fantasy_football_regression_candidates/mt13qgf/
"People say this every year, and every year the Fantasy Finish:ADP results prove that waiting on RB is a disadvantage. Hitting on one of the guys in that range is a huge upside, but it's low % and unlikely to cover the gap created by waiting. You might end up being lucky, but it's high risk/med reward, just doesn't make any sense.",analysis,,reddit-pullpush,https://reddit.com/r/fantasyfootball/comments/1kq9ct4/whats_your_most_controversial_but_consistently/mt41ig9/
"What's his upside lol 500y and 6td? Oh boy I sure cant find that on the waiver wire every week lol. He wasn't even worth a pick on seattle, and I'm a seahawks fan lol",hot_take,,reddit-pullpush,https://reddit.com/r/fantasyfootball/comments/1kobqhs/tyler_lockett_sleeper_pick/mszd0e8/
Bryce has great rushing upside.,hot_take,,reddit-pullpush,
That’s good for fantasy. Now they’ll really have to throw! 😀,reaction,,reddit-pullpush,
"100% is, and I’ll stand by it idc",hot_take,,reddit-pullpush,
"I don’t mean to come off the wrong way, but due a little due diligence. Kupp player 9 games and puka played 8… not merely talking about a few games here.",analysis,,reddit-pullpush,https://reddit.com/r/fantasyfootball/comments/1kownn7/devante_adams_on_the_rams_fantasy_value/mt4210y/
"Also added Deebo, who will probably take some designed touches out of the backfield and further nuke BRob’s receiving",analysis,,reddit-pullpush,https://reddit.com/r/fantasyfootball/comments/1koivh0/2025_offensive_lines/mssw4xv/
I just traded for him in Dynasty this morning!,reaction,,reddit-pullpush,
"Or. Burrow has to throw for 4500 yards, Higgins is going to see a lot of them, if healthy.",hot_take,,reddit-pullpush,https://reddit.com/r/fantasyfootball/comments/1kpm96l/fantasy_football_regression_candidates/msyw7ao/
Their Offense was mechanically bad all season. Timing on routes and progressions for Caleb were all out of sorts. Caleb also missed a ton of throws. I’m not worried about it at all. He’s going to be working with someone that will organize the offense and all of those mechanical/timing issues should be fixed. He’s going to make these throws. It’s pretty simple to me.,analysis,,reddit-pullpush,https://reddit.com/r/fantasyfootball/comments/1kpojzk/caleb_williams_with_a_clean_pocket_in_2024_75/mszt3d6/
"Puka and kryen are the chain movers, Adams scores the TD’s. Stafford has his Megatron back and if you think about Adams is healthier than he’s been in two years. LAR win their division and might even make it to Detroit again for another rematch!",analysis,,reddit-pullpush,https://reddit.com/r/fantasyfootball/comments/1kownn7/devante_adams_on_the_rams_fantasy_value/mswjmg2/
Good for Brock RIP 49ers tho,reaction,,reddit-pullpush,
This sub doesn't need any bait to rage... Fantasy pros has ladd at 17 and in the same tier as btj at 10. Is 12 really that outrageous? You really think there is enough separating these guys that it's impossible for someone to have ladd at 12?,analysis,,reddit-pullpush,https://reddit.com/r/fantasyfootball/comments/1kmpq1k/how_the_1st_round_of_2025_ppr_fantasy_football/mssug7n/
"Best roster I ever had was zero rb in 2014. ppr, 14 team, 3wr, 1rb, te, flex. I went AB, Hopkins, Cooks, Cam, Olsen, rb I don't remember, Fitz. My RBs did not matter.",analysis,,reddit-pullpush,https://reddit.com/r/fantasyfootball/comments/1kq9ct4/whats_your_most_controversial_but_consistently/mt423r5/
"If you are in a standard scoring league where TD are imperative, he’s not valuable. If you are in full or half ppr where his receptions give him a comfortable floor, he’s a no-stress rb2 you can grab after prioritizing other positions. Don’t go into jt thinking he’s an RB1 that will win you weeks and you’ll never get mad. Plus there will be that one week where he gets his whole season’s worth of touchdowns, so you have a nice shot of winning a bonus for season-high score if your league has that.",analysis,,reddit-pullpush,https://reddit.com/r/fantasyfootball/comments/1kpn1j6/is_it_time_to_move_on_from_alvin_kamara/mt10ot0/
He is 29 this year. Statistically this will be a declining year.,hot_take,,reddit-pullpush,
"I hear that. I don't *necessarily* try to get three starters, but you're certainly setting up a tightrope for yourself if you exit Round 3 with zero backs.",analysis,,reddit-pullpush,https://reddit.com/r/fantasyfootball/comments/1kq9ct4/whats_your_most_controversial_but_consistently/mt4412g/
"He looked really good when he came back last year before getting a freak PCL injury. Niners offense is awesome, CMC is awesome...my only concern is continued healthy reports throughout offseason will eventually push him back into top 5 and no longer be a value pick...",analysis,,reddit-pullpush,https://reddit.com/r/fantasyfootball/comments/1koypnc/fantasy_football_running_back_rankings_2025/msz0wbr/